上位のクエリ,クリック数,表示回数,CTR,掲載順位
logishift,19,45,42.22%,6.91
zim 買収,9,24,37.5%,7.92
w3 accounting,6,19,31.58%,3.68
アズコム松伏,5,65,7.69%,6.51
agibot ces,4,14,28.57%,4.21
マミーマート松伏物流センター,2,19,10.53%,6.58
hapag zim,2,17,11.76%,6.06
平和島自動運転協議会,2,5,40%,8.8
cargowise dsv,2,2,100%,1
kinetiq humanoid,2,2,100%,4
hyundai atlas,1,25,4%,7.24
ロジスティード 日本郵便,1,14,7.14%,5.86
zim hapag,1,13,7.69%,6.77
zs robotics,1,10,10%,5.4
botsync,1,9,11.11%,3.22
ヤマトロジスティクスインド,1,9,11.11%,11
scoop robot,1,8,12.5%,3
具身知能,1,8,12.5%,9.38
jiot,1,8,12.5%,10
ホルムズ海峡 迂回ルート,1,8,12.5%,13.88
fedex scoop,1,6,16.67%,2.67
東埼玉道路,1,6,16.67%,9
siemens ces2026,1,6,16.67%,10.33
clo 義務化,1,4,25%,27.75
ces2026 ロボット,1,3,33.33%,14.67
geek+ gino1,1,2,50%,1
fedex berkshire grey,1,2,50%,2
rightbot technologies,1,2,50%,2.5
物流倉庫ロボティクス・オペレーション展 2026,1,2,50%,4
geek+ gino 1,1,1,100%,2
ambi robotics,1,1,100%,4
aiエージェント エージェンティックai,1,1,100%,6
紅海ルート ペルシャ湾ルート,1,1,100%,7
三井化学,1,1,100%,11
成田空港 自動物流道路,1,1,100%,17
sai teja yerapothina,1,1,100%,52
アルプス物流,1,1,100%,62
flexiv,1,1,100%,91
米国 在庫精度,0,73,0%,9.63
北米 在庫精度,0,61,0%,11.89
マテハン amr,0,56,0%,61.11
アメリカ合衆国 在庫精度,0,53,0%,10.09
欧米 誤出荷,0,50,0%,6.88
北米 在庫管理,0,50,0%,12.22
委託先評価 物流,0,47,0%,15.23
物流 ハルフト 事例,0,44,0%,38.55
noitom robotics,0,36,0%,6.67
特定技能 物流倉庫 いつから,0,33,0%,1
北米・アメリカ 在庫精度,0,33,0%,4.45
物流業界の契約管理、5割超が紙とexcelに依存していることが最新調査で判明,0,32,0%,3.25
リバースロジスティクス,0,31,0%,95.84
丸運 tob,0,28,0%,11.64
ai搭載ドラレコ 物流会社,0,28,0%,20.21
ロジスティード 売上,0,26,0%,7.5
インド vmi倉庫,0,26,0%,10.73
北米 倉庫改善,0,26,0%,13.35
物流dx海外事例,0,26,0%,20.46
サプライチェーン,0,25,0%,1.04
北米 誤出荷,0,24,0%,4.25
ロジスティクス,0,22,0%,1.05
ai搭載ドライブレコーダー 物流会社,0,21,0%,20.33
物流会社 ai搭載ドライブレコーダー,0,21,0%,22.71
fedex 強み,0,21,0%,33.95
atlas hyundai,0,19,0%,9.11
海外 在庫精度,0,19,0%,14.42
欧米 在庫管理,0,19,0%,15.95
カインズ アークランズ,0,18,0%,8.56
アークランズ カインズ,0,18,0%,9.28
米国 倉庫,0,18,0%,24.17
物流業界: 人手不足と低運賃で翌日配送が限界に直面している,0,17,0%,1.59
aiドラレコ 物流会社,0,17,0%,21.82
マミーマート松伏センター,0,16,0%,5.69
米国 誤出荷,0,16,0%,5.75
アメリカ合衆国 誤出荷,0,16,0%,11.88
運送会社 aiドラレコ,0,16,0%,22
エネルギー 自動化,0,16,0%,43.56
北米 wms,0,15,0%,17
運送会社 ai搭載ドラレコ,0,15,0%,21.07
デジタルシフト 物流会社,0,15,0%,26.33
amazon rightbot,0,14,0%,8.36
欧米 wms,0,14,0%,10.79
米国 在庫管理,0,14,0%,16
運送会社 倒産 一覧,0,13,0%,1
ホルムズ海峡 代替ルート,0,13,0%,6.77
大規模連携 コストダウン,0,13,0%,30.31
マテハン agv,0,13,0%,71.46
運送会社 倒産,0,12,0%,1
ハパックロイド zim,0,12,0%,9.58
海外 誤出荷,0,12,0%,16.67
北米・アメリカ 在庫管理,0,12,0%,21.75
jclop,0,11,0%,7.73
ロジスティード 売上高,0,11,0%,10.27
x ビッグ データ 収集,0,11,0%,14.27
アジア 誤出荷,0,11,0%,14.73
x 情報 収集 システム,0,11,0%,40.36
アスクル 復旧のめど トレンド,0,10,0%,9.9
関宿低温物流センター,0,10,0%,10.1
アメリカ合衆国 在庫管理,0,10,0%,15.9
物流会社 ai搭載ドラレコ,0,10,0%,17.8
物流 hulft 事例,0,10,0%,26.3
化学 bcp,0,10,0%,33.8
rpa 物流,0,10,0%,37.7
マテハン ロボット,0,10,0%,41.7
このこうじょう は くつ を 生産する,0,9,0%,1
米国 倉庫改善,0,9,0%,1.67
verizon 障害,0,9,0%,4.56
quaveo,0,9,0%,8.11
アメリカ 在庫精度,0,9,0%,9.33
エニキャリ ウーバー,0,9,0%,10.78
rbox,0,8,0%,1
ロジスティードhd,0,8,0%,8.62
日本郵便 ロジスティード,0,8,0%,10.38
(inurl:post) convoy,0,8,0%,19.62
米国 倉庫事例,0,8,0%,27.12
ロジスティクス 利益,0,8,0%,29.25
インボルト 仕事,0,8,0%,44.88
2026年問題 運送,0,7,0%,1
特定技能 倉庫 いつから,0,7,0%,1
運送会社倒産,0,7,0%,1
clo選任義務化,0,7,0%,1.14
ホルムズ海峡 封鎖 代替ルート,0,7,0%,2.29
センコー株価,0,7,0%,3.43
1x world model,0,7,0%,5.57
j-clop,0,7,0%,5.86
"""geek+"" -""cinemex"" -""computer"" -""minipc""",0,7,0%,6
zim hapag lloyd,0,7,0%,6.43
fedex 値上げ 2026,0,7,0%,8.43
ces2026 siemens,0,7,0%,8.71
物流会社 aiドラレコ,0,7,0%,20.86
配送 競合,0,7,0%,21.57
バラ出荷,0,7,0%,23.14
大手運送会社 倒産,0,6,0%,1
欧米 在庫システム,0,6,0%,7.33
cuebus 資金調達,0,6,0%,8.5
インボルト ロボット,0,6,0%,10.67
ヤマト インド,0,6,0%,11.67
欧州 誤出荷,0,6,0%,21.67
欧米 物流システム,0,6,0%,23.83
特定技能 倉庫業 いつから,0,5,0%,1
運送会社 倒産 2025,0,5,0%,1
tyo: 9069,0,5,0%,3.4
rightbot,0,5,0%,3.8
丸運 上場 廃止,0,5,0%,5.2
成田空港 現状 問題 2026,0,5,0%,6.6
dsv フォワーダー,0,5,0%,10.4
米国 在庫システム,0,5,0%,13.4
ai搭載ドラレコ 運送会社,0,5,0%,14.6
aiドライブレコーダー 物流会社,0,5,0%,23.2
物流会社 aiドライブレコーダー,0,5,0%,23.2
自動倉庫 システムエラー 原因,0,5,0%,40
物流 トレンド,0,5,0%,79.2
丸和運輸 松伏,0,4,0%,1
特定技能 物流倉庫,0,4,0%,1
ホルムズ海峡封鎖 代替ルート,0,4,0%,3.75
rightbot amazon,0,4,0%,5
ワイズテック・グローバル,0,4,0%,5.75
galbot s1,0,4,0%,7.25
amazon フィジカルai,0,4,0%,8.25
logistics shift,0,4,0%,8.5
荷待ち時間 iot,0,4,0%,8.75
ワンエックス ロボット,0,4,0%,9.5
運転法案,0,4,0%,10.75
ストラテジックscm,0,4,0%,11
センコーグループホールディングス 丸運,0,4,0%,11
欧米 倉庫管理システム,0,4,0%,11
物流停止,0,4,0%,13
運送会社 ai搭載ドライブレコーダー,0,4,0%,16
欧州 wms,0,4,0%,17
(inurl:post) kevin alan henry,0,4,0%,17.75
aiドラレコ 運送会社,0,4,0%,18.75
倉庫自動化 失敗,0,4,0%,29.5
運輸 ハルフト 事例,0,4,0%,40
日本のリバースロジスティクス市場,0,4,0%,93
ヒュンダイ アトラス,0,3,0%,1
ロジ スティード 株価,0,3,0%,1
ロジスティード（株）,0,3,0%,1
倒産 運送会社,0,3,0%,1
現場実装,0,3,0%,1
運送業,0,3,0%,1.67
センコーグループホールディングス,0,3,0%,2
ces agibot,0,3,0%,3.33
hyundai atlas robot,0,3,0%,4
ホルムズ海峡 封鎖 中国 影響 2026,0,3,0%,5.33
ホルムズ海峡封鎖 中国 影響 2026,0,3,0%,5.33
noematrix,0,3,0%,5.67
ホルムズ海峡 封鎖 代替ルート 2026,0,3,0%,6
港湾,0,3,0%,6.67
コロンボ港,0,3,0%,8.33
大日本塗料 滋賀,0,3,0%,9
atlas hyundai robot,0,3,0%,10
エニキャリ 伊藤忠,0,3,0%,11
ホルムズ海峡 中国だけ通れる,0,3,0%,11
欧米 在庫,0,3,0%,11
nike dx,0,3,0%,11.33
制 する 勝つ,0,3,0%,11.67
ホルムズ海峡 迂回 ルート,0,3,0%,12.33
欧米 倉庫改善,0,3,0%,12.33
コロンボ 港,0,3,0%,13.67
運送会社 aiドライブレコーダー,0,3,0%,14
ai搭載ドライブレコーダー 運送会社,0,3,0%,15.33
海外倉庫 在庫精度,0,3,0%,18
米国 wms,0,3,0%,19.33
取適法 物流,0,3,0%,20.33
自動倉庫 bcp,0,3,0%,21.67
欧米 倉庫管理,0,3,0%,25
中国 倉庫事例,0,3,0%,29
サイバー攻撃について,0,3,0%,30.33
ロジスティクス dx,0,3,0%,31.33
iot バッテリー 事例,0,3,0%,36.33
フルフィルメント 導入時 失敗,0,3,0%,42.33
物流 予防保全・サービス,0,3,0%,42.67
サプライチェーンの可視性,0,3,0%,52.33
育成就労 物流倉庫,0,3,0%,55.33
clo義務化,0,3,0%,57
ロボットプロセス・オートメーション・物流,0,3,0%,66
マテハン 自動化,0,3,0%,90.33
scsk フィジカルai,0,2,0%,1
アメリカ 自動運転 法律,0,2,0%,1
キュー バス 投資,0,2,0%,1
グローバルサプライチェーン,0,2,0%,1
ロジスティード 株価,0,2,0%,1
丸運 tob いつから,0,2,0%,1
倉庫業,0,2,0%,1
港 コンテナ,0,2,0%,1
物流ニュース 最近,0,2,0%,1
空港 貨物,0,2,0%,1
運送会社 倒産速報,0,2,0%,1
運送会社倒産情報,0,2,0%,1
運送業 倒産,0,2,0%,1
dhlがaiエージェントで配送予約業務を大幅に短縮しました,0,2,0%,1.5
9069,0,2,0%,2
qargo series,0,2,0%,2
センコー 株価,0,2,0%,3
atlas robot hyundai factory,0,2,0%,4
物流ニュース,0,2,0%,4
"""geek+""",0,2,0%,4.5
kodiak bosch,0,2,0%,4.5
既存の車に自動運転キットやレトロフィットを提供しているのはどこですか？,0,2,0%,5.5
ティアフォー 自動運転,0,2,0%,6
最新 物流 サプライチェーン 運送 倉庫 医療物流 ニュース,0,2,0%,6
丸運 上場廃止,0,2,0%,6.5
agibot,0,2,0%,7
ai decoy,0,2,0%,7
日本郵政 ロジスティード,0,2,0%,7.5
ホルムズ海峡封鎖 中国への影響 2026,0,2,0%,8
ラストワンマイル革命,0,2,0%,8
ces2026 amazon,0,2,0%,8.5
hundai atlas,0,2,0%,9
電力 自動化,0,2,0%,9
ホルムズ海峡 封鎖 トレンド 何が起きている,0,2,0%,9.5
1x technologies 日本 企業,0,2,0%,10
exotec,0,2,0%,10
サイバー攻撃 物流,0,2,0%,10
amazon ces2026,0,2,0%,12
丸和 松伏,0,2,0%,12
自律稼働,0,2,0%,12
猛吹雪 読み方,0,2,0%,13
ロジスティード 決算,0,2,0%,13.5
usmca,0,2,0%,14.5
dsv シェンカー,0,2,0%,15
アメリカ合衆国 wms,0,2,0%,15
取適法 荷待ち,0,2,0%,16.5
海外倉庫 自動搬送,0,2,0%,16.5
吉田海運 事故,0,2,0%,17.5
日本3pl協会,0,2,0%,18
丸運センコー,0,2,0%,19
物流管理者 4 月から選任義務化,0,2,0%,20
ロジスティード,0,2,0%,23
物流管理者、4月から選任義務化,0,2,0%,24.5
(inurl:post) kevin henry,0,2,0%,25
物流 倒産,0,2,0%,26.5
(inurl:post) kevin a. henry,0,2,0%,27
顔認証 運輸,0,2,0%,27
フェーズフリー,0,2,0%,35
公取委,0,2,0%,37.5
物流 サイバー攻撃,0,2,0%,42.5
倉庫管理システム クラウド 費用,0,2,0%,43
物流自動化,0,2,0%,51.5
zebra technologies,0,2,0%,55
サプライ・チェーンの可視性,0,2,0%,61
自動倉庫 作業時間 削減,0,2,0%,70
ドローン配達 海外,0,2,0%,85
ウォルマート 海外展開,0,2,0%,92.5
日本スタッカー市場,0,2,0%,97
siemens digital twin composer,0,2,0%,107
gxo,0,2,0%,108
2026問題とは,0,1,0%,1
ai ロジスティクス,0,1,0%,1
aiアマゾン,0,1,0%,1
amazon ces 2026,0,1,0%,1
android nvidia,0,1,0%,1
fmcw lidar,0,1,0%,1
harbor innovation,0,1,0%,1
nvidia android,0,1,0%,1
tugvolt,0,1,0%,1
zim買収,0,1,0%,1
お願い,0,1,0%,1
たくはい,0,1,0%,1
アクスル サイバー,0,1,0%,1
アスクル サイバーテロ,0,1,0%,1
アスクル サプライチェーン攻撃,0,1,0%,1
アスクル 侵入経路,0,1,0%,1
アスクル 個人情報流出,0,1,0%,1
アメリカ 倉庫,0,1,0%,1
アメリカ倉庫,0,1,0%,1
サプライチェーン管理,0,1,0%,1
ドローンによる配送,0,1,0%,1
ドローン宅配,0,1,0%,1
ヒュンダイ ヒューマノイド,0,1,0%,1
マテハン 倉庫,0,1,0%,1
ロジスティクスシフト,0,1,0%,1
ロジスティックス,0,1,0%,1
ロジスティード株価,0,1,0%,1
ロジティクス コラム 人気,0,1,0%,1
丸和運輸機関 松伏,0,1,0%,1
人型ロボット 上場企業,0,1,0%,1
倉庫業 儲かる,0,1,0%,1
北米 国際取引,0,1,0%,1
在庫意味,0,1,0%,1
梱包 自動化,0,1,0%,1
潰れ そうな 運送会社,0,1,0%,1
物流 2026年問題,0,1,0%,1
物流 システム障害,0,1,0%,1
物流 ランサムウェア,0,1,0%,1
物流 止まってる,0,1,0%,1
物流事務 将来性,0,1,0%,1
物流倉庫,0,1,0%,1
特定運送事業者,0,1,0%,1
運搬費用,0,1,0%,1
運転法案とは,0,1,0%,1
運送会社 倒産一覧,0,1,0%,1
運送会社 倒産情報,0,1,0%,1
運送会社 破産,0,1,0%,1
運送業倒産,0,1,0%,1
amazon robotics,0,1,0%,2
einride,0,1,0%,2
nvidia wants to be the android of generalist robotics,0,1,0%,2
scoregrop,0,1,0%,2
zim sold,0,1,0%,2
はい,0,1,0%,2
センコーホールディングス株式会社,0,1,0%,2
センコー株式会社 上場,0,1,0%,2
伊藤忠商事がエニキャリと資本業務提携し、ラストマイル物流を強化,0,1,0%,2
在庫とは,0,1,0%,2
拠点集約,0,1,0%,2
日本郵便 将来性,0,1,0%,2
最新のニュース,0,1,0%,2
物流の,0,1,0%,2
特定技能 倉庫業,0,1,0%,2
真荷主 とは,0,1,0%,2
詳しく教えて,0,1,0%,2
貿易意味,0,1,0%,2
運送会社経営,0,1,0%,2
geekplus japan,0,1,0%,3
lidar amr,0,1,0%,3
robco series c,0,1,0%,3
sharpa,0,1,0%,3
あります,0,1,0%,3
センコー 上場,0,1,0%,3
センコーグループホールディングス 株価,0,1,0%,3
センコーグループホールディングス株価,0,1,0%,3
センコーホールディングス,0,1,0%,3
センコー株,0,1,0%,3
センコー株価 現在,0,1,0%,3
パレタイズロボット,0,1,0%,3
モーダルシフトとは,0,1,0%,3
ロジスティード株式会社,0,1,0%,3
物流ドローン,0,1,0%,3
物流統括管理者 いつから,0,1,0%,3
高速道路トラック,0,1,0%,3
ai2 robotics,0,1,0%,4
clo 物流,0,1,0%,4
nike logistics,0,1,0%,4
wisetech global ai,0,1,0%,4
ハパックロイド,0,1,0%,4
モーダルシフト,0,1,0%,4
日本ロジスティクスファンド,0,1,0%,4
物流倉庫ロボティクス・オペレーション展2026,0,1,0%,4
自動倉庫,0,1,0%,4
自動倉庫 管理費 見直し,0,1,0%,4
運輸,0,1,0%,4
1x eqt,0,1,0%,5
ai,0,1,0%,5
cargowise ui,0,1,0%,5
clo制度,0,1,0%,5
nike logi,0,1,0%,5
quaveo company limited,0,1,0%,5
センコーニュース,0,1,0%,5
ハパックロイド オーナー,0,1,0%,5
三井化学 dx,0,1,0%,5
世界 誤出荷,0,1,0%,5
中国 ドローン配送,0,1,0%,5
外国,0,1,0%,5
日本郵便 下請け,0,1,0%,5
物流業界 就職,0,1,0%,5
"花王 (業界動向 or 市場動向 or 需要 or 売上 or 収益 or 受注 or 競争 or 競争環境 or 規制 or 政府方針 or 
コンプライアンス or m&a or 合併 or 買収 or レイオフ or 採用 or 労働力 or サプライチェーン or ロジスティクス or 
新製品 or 製品発売 or 契約 or 合意 or 事業環境 or オペレーション) -株 -決算 -アナリスト 
(site:asia.nikkei.com or site:japantimes.co.jp/business/companies or 
site:nikkei.com/business or site:bloomberg.co.jp or 
site:mainichi.jp/english/business/corporate or 
site:japannews.yomiuri.co.jp/business/companies or 
site:finance.yahoo.co.jp/news/stock or site:minkabu.jp or site:kabutan.jp)",0,1,0%,5
運送会社 サイバー攻撃,0,1,0%,5
atlas hyundai georgiashinbloomberg,0,1,0%,6
catl,0,1,0%,6
lerobot nvidia,0,1,0%,6
noteの記事,0,1,0%,6
zim hapag-lloyd,0,1,0%,6
グリーンハッシング,0,1,0%,6
候補者はグローバルなサプライチェーン戦略のリーダーシップトラックをどこで見つけることができますか？,0,1,0%,6
物流 ビジネスモデル,0,1,0%,6
物流 逼迫,0,1,0%,6
物流管理者とは,0,1,0%,6
画像,0,1,0%,6
look hyundai atlas hyundai boston dynamicsshinbloomberg,0,1,0%,7
アスクル なぜ狙われた,0,1,0%,7
バーチャルコミッショニング,0,1,0%,7
丸紅 and co2 or 二酸化炭素 and 回収 or 貯留 or 分離 or 資源化 or 利用 or 輸送,0,1,0%,7
化学 dx,0,1,0%,7
国際物流,0,1,0%,7
自動倉庫 ダウンタイム 短縮,0,1,0%,7
"""locus robotics""",0,1,0%,8
genie sim 3.0,0,1,0%,8
hapag-lloyd zim,0,1,0%,8
raas robotics,0,1,0%,8
t5 物流,0,1,0%,8
アスクル 復旧のめど トレンド なぜ,0,1,0%,8
データテック ドラレコ,0,1,0%,8
ロジスティード 郵便,0,1,0%,8
ロボット ニュース,0,1,0%,8
特定技能 倉庫,0,1,0%,8
運送業 dx,0,1,0%,8
ai ロボット 最新,0,1,0%,9
fedex tms,0,1,0%,9
hapag lloyd zim,0,1,0%,9
toyota boston dynamics,0,1,0%,9
アスクル wms,0,1,0%,9
アスクル 復旧のめど トレンド 何,0,1,0%,9
バリューブックス 埼玉倉庫,0,1,0%,9
マミーマート 三郷物流センター,0,1,0%,9
ロジオプション,0,1,0%,9
一般社団法人aiロボット協会,0,1,0%,9
北米 現場改善,0,1,0%,9
自動倉庫 保守契約 コスト比較,0,1,0%,9
自動物流道路,0,1,0%,9
1x neo robot,0,1,0%,10
atlas hyundai boston dynamicsshinbloomberg,0,1,0%,10
inbolt,0,1,0%,10
obd型デジタコ,0,1,0%,10
バリューブックス 吉見,0,1,0%,10
ホルムズ海峡封鎖 迂回ルート,0,1,0%,10
ホルムズ海峡迂回ルート,0,1,0%,10
協働ロボット,0,1,0%,10
日通 遅延,0,1,0%,10
東埼玉道路 完成 予定,0,1,0%,10
構造改革,0,1,0%,10
自動運転 後付け,0,1,0%,10
自動運転 補助金,0,1,0%,10
m&a outlook 2026,0,1,0%,11
waabi world,0,1,0%,11
センコーグループ 丸運,0,1,0%,11
特定技能 物流倉庫分野,0,1,0%,11
amr 物流,0,1,0%,12
csco サプライチェーン,0,1,0%,12
アスクル 顧客離れ,0,1,0%,12
"スタートアップ ""シリーズb""",0,1,0%,12
センコー 丸運 tob,0,1,0%,12
ハパックロイド 社長,0,1,0%,12
荷待ち時間,0,1,0%,12
コントラクトロジスティクス,0,1,0%,13
丸運tob,0,1,0%,13
伊藤忠 フィジカルインターネット,0,1,0%,13
agibot 価格,0,1,0%,14
"スタートアップ ""シリーズc""",0,1,0%,14
3pl協会,0,1,0%,15
マツモトキヨシ 物流センター,0,1,0%,15
検品作業の人手不足を解消する自動化ツールについて (in japan. be sure to reply in japanese),0,1,0%,15
aiドライブレコーダー 運送会社,0,1,0%,16
ティアフォー 事故,0,1,0%,16
ドローン配送 実用化 海外,0,1,0%,16
ロジスティードソリューションズ株式会社,0,1,0%,16
下請法 運送業,0,1,0%,16
センコー 丸運 買収,0,1,0%,17
丸運 センコー,0,1,0%,17
共同物流,0,1,0%,17
ces2026,0,1,0%,18
mobileye,0,1,0%,18
ホルムズ 海峡 迂回 ルート,0,1,0%,18
自動倉庫システム,0,1,0%,18
atlas hundai,0,1,0%,20
デジタルピッキング 事例,0,1,0%,20
取適法 輸送,0,1,0%,20
返品物流,0,1,0%,20
運送用語 一覧,0,1,0%,21
uber 香港,0,1,0%,22
金融データ,0,1,0%,22
boston dynamics ヒュンダイ,0,1,0%,23
d2c 在庫管理,0,1,0%,23
メタバース,0,1,0%,23
物流テック スタートアップ 事例,0,1,0%,23
取適法 荷役,0,1,0%,24
米国 在庫,0,1,0%,24
ces 2026 android,0,1,0%,25
釜山港 混雑 状況 リアルタイム,0,1,0%,27
dsv とは,0,1,0%,28
の画像,0,1,0%,28
フィジカルai ces,0,1,0%,28
トコハコ,0,1,0%,29
基幹システム連携 物流,0,1,0%,31
がぞうも,0,1,0%,32
画像で出して,0,1,0%,33
agibot 日本,0,1,0%,38
物流 saas,0,1,0%,45
在庫管理システム 自動発注機能,0,1,0%,48
取適法 特定運送委託,0,1,0%,49
日本 スタグフレーション,0,1,0%,51
フォワーダー,0,1,0%,52
dsv layoffs,0,1,0%,55
dhl wms system,0,1,0%,57
リバースロジスティクス市場,0,1,0%,59
三井倉庫,0,1,0%,65
ces2026 フィジカルai,0,1,0%,66
ウォルマート ドローン,0,1,0%,72
物流倉庫 自動化,0,1,0%,75
物流 自動化,0,1,0%,78
wms for 3pl,0,1,0%,80
3pl wms,0,1,0%,83
"(""資金調達"" or ""資金を調達"" or ""資金を確保"" or ""調達した"" or ""発表"") (""プレシード"" or ""シード"" or 
""シリーズa"" or ""シリーズb"" or ""エンジェルラウンド"")",0,1,0%,84
2026年問題 特定荷主,0,1,0%,84
トレーサビリティ,0,1,0%,86
ナカノ商会 将来性,0,1,0%,86
海運,0,1,0%,86
ces 2026 フィジカルai,0,1,0%,87
ドローン配達 実用化 いつ,0,1,0%,89
物流倉庫 特定技能,0,1,0%,91
usmca 関税,0,1,0%,105